{"session_num":{"1":0,"2":0,"3":1,"4":1,"5":1,"6":2,"13":4,"14":4,"17":5,"19":6,"31":10,"34":11,"38":12,"50":16,"51":17},"transition_num":{"1":1,"2":2,"3":0,"4":1,"5":2,"6":0,"13":1,"14":2,"17":2,"19":1,"31":1,"34":1,"38":2,"50":2,"51":0},"corr":{"1":0.4208252832,"2":0.2916943157,"3":0.471246677,"4":0.2510182168,"5":0.3406429732,"6":0.1534374544,"13":0.2603116404,"14":0.1369412937,"17":0.1229252123,"19":0.1560511311,"31":0.1350802315,"34":0.172109032,"38":0.1375670304,"50":0.1400167461,"51":0.175080123},"var":{"1":25.617640056,"2":39.3847013798,"3":9.8664553447,"4":24.3103045043,"5":29.652516933,"6":15.7161193647,"13":35.6194093399,"14":37.1359341477,"17":51.7594314224,"19":33.5593034895,"31":50.9767819514,"34":49.9477480037,"38":27.4418683097,"50":52.5949533998,"51":14.795554748},"sig_bool":{"1":true,"2":true,"3":true,"4":true,"5":true,"6":true,"13":true,"14":true,"17":true,"19":true,"31":true,"34":true,"38":true,"50":true,"51":true}}